Url,name
https://dataverse.nl/file.xhtml?fileId=251145&version=1.0,mp2rageme_001_inv1_te1.h5
https://dataverse.nl/file.xhtml?fileId=251161&version=1.0,mp2rageme_002_inv1_te1.h5
https://dataverse.nl/file.xhtml?fileId=251175&version=1.0,mp2rageme_003_inv1_te1.h5
https://dataverse.nl/file.xhtml?fileId=251218&version=1.0,mp2rageme_006_inv1_te1.h5
https://dataverse.nl/file.xhtml?fileId=251232&version=1.0,mp2rageme_007_inv1_te1.h5
https://dataverse.nl/file.xhtml?fileId=251247&version=1.0,mp2rageme_008_inv1_te1.h5
https://dataverse.nl/file.xhtml?fileId=251261&version=1.0,mp2rageme_009_inv1_te1.h5
https://dataverse.nl/file.xhtml?fileId=251275&version=1.0,mp2rageme_010_inv1_te1.h5
https://dataverse.nl/file.xhtml?fileId=251290&version=1.0,mp2rageme_011_inv1_te1.h5
https://dataverse.nl/file.xhtml?fileId=251304&version=1.0,mp2rageme_012_inv1_te1.h5
https://dataverse.nl/file.xhtml?fileId=251318&version=1.0,mp2rageme_013_inv1_te1.h5
https://dataverse.nl/file.xhtml?fileId=251333&version=1.0,mp2rageme_014_inv1_te1.h5
https://dataverse.nl/file.xhtml?fileId=251348&version=1.0,mp2rageme_015_inv1_te1.h5
https://dataverse.nl/file.xhtml?fileId=251362&version=1.0,mp2rageme_016_inv1_te1.h5
https://dataverse.nl/file.xhtml?fileId=251376&version=1.0,mp2rageme_017_inv1_te1.h5
https://dataverse.nl/file.xhtml?fileId=251390&version=1.0,mp2rageme_018_inv1_te1.h5
https://dataverse.nl/file.xhtml?fileId=251404&version=1.0,mp2rageme_019_inv1_te1.h5
https://dataverse.nl/file.xhtml?fileId=251420&version=1.0,mp2rageme_020_inv1_te1.h5
https://dataverse.nl/file.xhtml?fileId=251435&version=1.0,mp2rageme_021_inv1_te1.h5
https://dataverse.nl/file.xhtml?fileId=251449&version=1.0,mp2rageme_022_inv1_te1.h5
https://dataverse.nl/file.xhtml?fileId=251462&version=1.0,mp2rageme_023_inv1_te1.h5
https://dataverse.nl/file.xhtml?fileId=251476&version=1.0,mp2rageme_024_inv1_te1.h5
https://dataverse.nl/file.xhtml?fileId=251503&version=1.0,mp2rageme_026_inv1_te1.h5
https://dataverse.nl/file.xhtml?fileId=251545&version=1.0,mp2rageme_029_inv1_te1.h5
https://dataverse.nl/file.xhtml?fileId=251559&version=1.0,mp2rageme_030_inv1_te1.h5
https://dataverse.nl/file.xhtml?fileId=251572&version=1.0,mp2rageme_031_inv1_te1.h5
https://dataverse.nl/file.xhtml?fileId=251586&version=1.0,mp2rageme_032_inv1_te1.h5
https://dataverse.nl/file.xhtml?fileId=251600&version=1.0,mp2rageme_033_inv1_te1.h5
https://dataverse.nl/file.xhtml?fileId=251614&version=1.0,mp2rageme_034_inv1_te1.h5
https://dataverse.nl/file.xhtml?fileId=251627&version=1.0,mp2rageme_035_inv1_te1.h5
https://dataverse.nl/file.xhtml?fileId=251641&version=1.0,mp2rageme_036_inv1_te1.h5
https://dataverse.nl/file.xhtml?fileId=251654&version=1.0,mp2rageme_037_inv1_te1.h5
https://dataverse.nl/file.xhtml?fileId=251668&version=1.0,mp2rageme_038_inv1_te1.h5
https://dataverse.nl/file.xhtml?fileId=251695&version=1.0,mp2rageme_040_inv1_te1.h5
https://dataverse.nl/file.xhtml?fileId=251708&version=1.0,mp2rageme_041_inv1_te1.h5
https://dataverse.nl/file.xhtml?fileId=251722&version=1.0,mp2rageme_042_inv1_te1.h5
https://dataverse.nl/file.xhtml?fileId=251735&version=1.0,mp2rageme_043_inv1_te1.h5
https://dataverse.nl/file.xhtml?fileId=251762&version=1.0,mp2rageme_045_inv1_te1.h5
https://dataverse.nl/file.xhtml?fileId=251776&version=1.0,mp2rageme_046_inv1_te1.h5
https://dataverse.nl/file.xhtml?fileId=251789&version=1.0,mp2rageme_047_inv1_te1.h5
https://dataverse.nl/file.xhtml?fileId=251803&version=1.0,mp2rageme_048_inv1_te1.h5
https://dataverse.nl/file.xhtml?fileId=251816&version=1.0,mp2rageme_049_inv1_te1.h5
https://dataverse.nl/file.xhtml?fileId=251830&version=1.0,mp2rageme_050_inv1_te1.h5
https://dataverse.nl/file.xhtml?fileId=251843&version=1.0,mp2rageme_051_inv1_te1.h5
https://dataverse.nl/file.xhtml?fileId=251857&version=1.0,mp2rageme_052_inv1_te1.h5
https://dataverse.nl/file.xhtml?fileId=251870&version=1.0,mp2rageme_053_inv1_te1.h5
https://dataverse.nl/file.xhtml?fileId=251898&version=1.0,mp2rageme_055_inv1_te1.h5
https://dataverse.nl/file.xhtml?fileId=251912&version=1.0,mp2rageme_056_inv1_te1.h5
https://dataverse.nl/file.xhtml?fileId=251926&version=1.0,mp2rageme_057_inv1_te1.h5
https://dataverse.nl/file.xhtml?fileId=251953&version=1.0,mp2rageme_059_inv1_te1.h5
https://dataverse.nl/file.xhtml?fileId=251967&version=1.0,mp2rageme_060_inv1_te1.h5
https://dataverse.nl/file.xhtml?fileId=251980&version=1.0,mp2rageme_061_inv1_te1.h5
https://dataverse.nl/file.xhtml?fileId=252030&version=1.0,mp2rageme_065_inv1_te1.h5
https://dataverse.nl/file.xhtml?fileId=252043&version=1.0,mp2rageme_066_inv1_te1.h5
https://dataverse.nl/file.xhtml?fileId=252056&version=1.0,mp2rageme_067_inv1_te1.h5
https://dataverse.nl/file.xhtml?fileId=252069&version=1.0,mp2rageme_068_inv1_te1.h5
https://dataverse.nl/file.xhtml?fileId=252082&version=1.0,mp2rageme_069_inv1_te1.h5
https://dataverse.nl/file.xhtml?fileId=252109&version=1.0,mp2rageme_071_inv1_te1.h5
https://dataverse.nl/file.xhtml?fileId=252136&version=1.0,mp2rageme_073_inv1_te1.h5
https://dataverse.nl/file.xhtml?fileId=252150&version=1.0,mp2rageme_074_inv1_te1.h5
https://dataverse.nl/file.xhtml?fileId=252163&version=1.0,mp2rageme_075_inv1_te1.h5
https://dataverse.nl/file.xhtml?fileId=252177&version=1.0,mp2rageme_076_inv1_te1.h5
https://dataverse.nl/file.xhtml?fileId=252190&version=1.0,mp2rageme_077_inv1_te1.h5
